"code","zone","number","address"
" IV-33"," IV","33","#N/A"
" V-7"," V","7","#N/A"
"I-1","I","1","Paseo del fresno no. 1"
"I-10","I","10","Paseo del fresno no. 10"
"I-11","I","11","Paseo del fresno no. 11"
"I-12","I","12","Paseo del fresno no. 12"
"I-13","I","13","Paseo del fresno no. 13"
"I-14","I","14","Paseo del fresno no. 14"
"I-15","I","15","Paseo del fresno no. 15"
"I-16","I","16","Paseo del fresno no. 16"
"I-17","I","17","Paseo del fresno no. 17"
"I-18","I","18","Paseo del fresno no. 18"
"I-19","I","19","Paseo del fresno no. 19"
"I-2","I","2","Paseo del fresno no. 2"
"I-20","I","20","Paseo del fresno no. 20"
"I-21","I","21","Paseo del fresno no. 21"
"I-22","I","22","Paseo del fresno no. 22"
"I-23","I","23","Paseo del fresno no. 23"
"I-24","I","24","Paseo del fresno no. 24"
"I-25","I","25","Paseo del fresno no. 25"
"I-26","I","26","Paseo del fresno no. 26"
"I-27","I","27","Paseo del fresno no. 27"
"I-28","I","28","Paseo del fresno no. 28"
"I-29","I","29","Paseo del fresno no. 29"
"I-3","I","3","Paseo del fresno no. 3"
"I-30","I","30","Paseo del fresno no. 30"
"I-31","I","31","Paseo del fresno no. 31"
"I-32","I","32","Paseo del fresno no. 32"
"I-33","I","33","Paseo del fresno no. 33"
"I-34","I","34","Paseo del fresno no. 34"
"I-35","I","35","Paseo del fresno no. 35"
"I-36","I","36","Paseo del fresno no. 36"
"I-37","I","37","Paseo del fresno no. 37"
"I-38","I","38","Paseo del fresno no. 38"
"I-39","I","39","Paseo del fresno no. 39"
"I-4","I","4","Paseo del fresno no. 4"
"I-40","I","40","Paseo del fresno no. 40"
"I-41","I","41","Paseo del fresno no. 41"
"I-42","I","42","Paseo del Manantial no. 112"
"I-43","I","43","Paseo del Manantial no. 110"
"I-44","I","44","Paseo del Manantial no. 108"
"I-45","I","45","Paseo del Manantial no. 106"
"I-46","I","46","Paseo del Manantial no. 104"
"I-47","I","47","Paseo del fresno no. 47"
"I-48","I","48","Paseo del fresno no. 48"
"I-49","I","49","Paseo del fresno no. 49"
"I-5","I","5","Paseo del fresno no. 5"
"I-50","I","50","Paseo del fresno no. 50"
"I-51","I","51","Paseo del fresno no. 51"
"I-52","I","52","Paseo del fresno no. 52"
"I-53","I","53","Paseo del fresno no. 53"
"I-54","I","54","Paseo del fresno no. 54"
"I-55","I","55","Paseo del fresno no. 55"
"I-56","I","56","Paseo del fresno no. 56"
"I-57","I","57","Paseo del fresno no. 57"
"I-58","I","58","Paseo del fresno no. 58"
"I-59","I","59","Paseo del fresno no. 59"
"I-6","I","6","Paseo del fresno no. 6"
"I-60","I","60","#N/A"
"I-61","I","61","Paseo del fresno no. 60"
"I-62","I","62","Paseo del fresno no. 62"
"I-63","I","63","Paseo del fresno no. 63"
"I-64","I","64","Paseo del fresno no. 64"
"I-65","I","65","Paseo del fresno no. 65"
"I-66","I","66","Paseo del fresno no. 66"
"I-67","I","67","Paseo del fresno no. 67"
"I-68","I","68","Paseo del fresno no. 68"
"I-69","I","69","Paseo del fresno no. 69"
"I-7","I","7","Paseo del fresno no. 7"
"I-70","I","70","Paseo del fresno no. 70"
"I-71","I","71","Paseo del fresno no. 71"
"I-72","I","72","Paseo del fresno no. 72"
"I-73","I","73","Paseo del fresno no. 73"
"I-74","I","74","Paseo del fresno no. 74"
"I-75","I","75","Paseo del fresno no. 75"
"I-76","I","76","Paseo del fresno no. 76"
"I-77","I","77","Paseo del fresno no. 77"
"I-78","I","78","Paseo del fresno no. 78"
"I-79","I","79","Paseo del fresno no. 79"
"I-8","I","8","Paseo del fresno no. 8"
"I-80","I","80","Paseo del fresno no. 80"
"I-81","I","81","Paseo del fresno no. 81"
"I-82","I","82","Paseo del fresno no. 82"
"I-9","I","9","Paseo del fresno no. 9"
"II-1","II","1","Paseo del Manantial no. 114"
"II-10","II","10","Paseo del Arrollo no. 10"
"II-11","II","11","Paseo del Arrollo no. 11"
"II-12","II","12","Paseo del Arrollo no. 12"
"II-13","II","13","Paseo del Arrollo no. 13"
"II-14","II","14","Paseo del Arrollo no. 14"
"II-15","II","15","Paseo del Arrollo no. 15"
"II-16","II","16","Paseo del Arrollo no. 16"
"II-17","II","17","Paseo del Arrollo no. 17"
"II-18","II","18","Paseo del Manantial no. 150"
"II-19","II","19","Paseo del Manantial no. 148"
"II-2","II","2","Paseo del Manantial no. 116"
"II-20","II","20","Paseo del Manantial no. 146"
"II-21","II","21","Paseo del Manantial no. 144"
"II-22","II","22","Paseo del Manantial no. 142"
"II-23","II","23","Paseo del Manantial no. 138"
"II-24","II","24","Paseo del Manantial no. 136"
"II-25","II","25","Paseo del Manantial no. 134"
"II-26","II","26","Paseo del Manantial no. 132"
"II-27","II","27","Paseo del Manantial no. 130"
"II-28","II","28","Paseo del Manantial no. 128"
"II-29","II","29","Paseo del Manantial no. 126"
"II-3","II","3","Paseo del Arrollo no. 3"
"II-30","II","30","Paseo del Manantial no. 124"
"II-31","II","31","Paseo del Manantial no. 122"
"II-32","II","32","Paseo del Manantial no. 120"
"II-33","II","33","Paseo del Arrollo no. 33"
"II-34","II","34","Paseo del Arrollo no. 34"
"II-35","II","35","Paseo del Arrollo no. 35"
"II-36","II","36","Paseo del Arrollo no. 36"
"II-37","II","37","Paseo del Arrollo no. 37"
"II-38","II","38","Paseo del Arrollo no. 38"
"II-39","II","39","Paseo del Arrollo no. 39"
"II-4","II","4","Paseo del Arrollo no. 4"
"II-40","II","40","Paseo del Arrollo no. 40"
"II-41","II","41","Paseo del Arrollo no. 41"
"II-5","II","5","Paseo del Arrollo no. 5"
"II-6","II","6","Paseo del Arrollo no. 6"
"II-7","II","7","Paseo del Arrollo no. 7"
"II-8","II","8","Paseo del Arrollo no. 8"
"II-9","II","9","Paseo del Arrollo no. 9"
"III-1","III","1","Paseo del Manantial no. 152"
"III-10","III","10","Paseo del Bosque no. 10"
"III-11","III","11","Paseo del Bosque no. 11"
"III-12","III","12","Paseo del Bosque no. 12"
"III-13","III","13","Paseo del Bosque no. 13"
"III-14","III","14","Paseo del Bosque no. 14"
"III-15","III","15","Paseo del Bosque no. 15"
"III-16","III","16","Paseo del Bosque no. 16"
"III-17","III","17","Paseo del Bosque no. 17"
"III-18","III","18","Paseo del Bosque no. 18"
"III-19","III","19","Paseo del Bosque no. 19"
"III-2","III","2","Paseo del Manantial no. 154"
"III-20","III","20","Paseo del Bosque no. 20"
"III-21","III","21","Paseo del Bosque no. 21"
"III-22","III","22","Paseo del Bosque no. 22"
"III-23","III","23","Paseo del Bosque no. 23"
"III-24","III","24","Paseo del Bosque no. 24"
"III-25","III","25","Paseo del Bosque no. 25"
"III-26","III","26","Paseo del Bosque no. 26"
"III-27","III","27","Paseo del Bosque no. 27"
"III-28","III","28","Paseo del Bosque no. 28"
"III-29","III","29","Paseo del Bosque no. 29"
"III-3","III","3","Paseo del Manantial no. 156"
"III-30","III","30","Paseo del Bosque no. 30"
"III-31","III","31","Paseo del Bosque no. 31"
"III-32","III","32","Paseo del Bosque no. 32"
"III-33","III","33","Paseo del Bosque no. 33"
"III-34","III","34","Paseo del Bosque no. 34"
"III-35","III","35","Paseo del Bosque no. 35"
"III-36","III","36","Paseo del Bosque no. 36"
"III-37","III","37","Paseo del Bosque no. 37"
"III-38","III","38","Paseo del Bosque no. 38"
"III-39","III","39","Paseo del Bosque no. 39"
"III-4","III","4","Paseo del Manantial no. 158"
"III-40","III","40","Paseo del Bosque no. 40"
"III-41","III","41","Paseo del Bosque no. 41"
"III-42","III","42","Paseo del Bosque no. 42"
"III-43","III","43","Paseo del Manantial no. 168"
"III-44","III","44","Paseo del Manantial no. 170"
"III-45","III","45","Paseo del Manantial no. 172"
"III-46","III","46","Paseo del Manantial no. 174"
"III-47","III","47","Paseo del Manantial no. 176"
"III-48","III","48","Paseo del Manantial no. 178"
"III-49","III","49","Paseo del Bosque no. 49"
"III-5","III","5","Paseo del Manantial no. 160"
"III-50","III","50","Paseo del Bosque no. 50"
"III-51","III","51","Paseo del Bosque no. 51"
"III-52","III","52","Paseo del Bosque no. 52"
"III-53","III","53","Paseo del Bosque no. 53"
"III-54","III","54","Paseo del Bosque no. 54"
"III-55","III","55","Paseo del Bosque no. 55"
"III-56","III","56","Paseo del Bosque no. 56"
"III-57","III","57","Paseo del Bosque no. 57"
"III-58","III","58","Paseo del Bosque no. 58"
"III-6","III","6","Paseo del Manantial no. 162"
"III-7","III","7","Paseo del Manantial no. 164"
"III-8","III","8","Paseo del Bosque no. 8"
"III-9","III","9","Paseo del Bosque no. 9"
"IV-1","IV","1","Paseo del Manantial no. 180"
"IV-10","IV","10","Paseo del Roble no. 10"
"IV-11","IV","11","#N/A"
"IV-12","IV","12","#N/A"
"IV-13","IV","13","#N/A"
"IV-14","IV","14","#N/A"
"IV-15","IV","15","#N/A"
"IV-16","IV","16","#N/A"
"IV-17","IV","17","#N/A"
"IV-18","IV","18","#N/A"
"IV-19","IV","19","#N/A"
"IV-2","IV","2","Paseo del Manantial no. 182"
"IV-20","IV","20","#N/A"
"IV-21","IV","21","#N/A"
"IV-22","IV","22","#N/A"
"IV-23","IV","23","Paseo del Roble no. 23"
"IV-24","IV","24","Paseo del Roble no. 24"
"IV-25","IV","25","Paseo del Roble no. 25"
"IV-26","IV","26","Paseo del Roble no. 26"
"IV-27","IV","27","Paseo del Roble no. 27"
"IV-28","IV","28","Paseo del Roble no. 28"
"IV-29","IV","29","Paseo del Roble no. 29"
"IV-3","IV","3","Paseo del Manantial no. 184"
"IV-30","IV","30","Paseo del Roble no. 30"
"IV-31","IV","31","Paseo del Roble no. 31"
"IV-32","IV","32","Paseo del Roble no. 32"
"IV-34","IV","34","Paseo del Roble no. 34"
"IV-35","IV","35","Paseo del Roble no. 35"
"IV-36","IV","36","Paseo del Roble no. 36"
"IV-37","IV","37","Paseo del Roble no. 37"
"IV-38","IV","38","Paseo del Roble no. 38"
"IV-39","IV","39","Paseo del Roble no. 39"
"IV-4","IV","4","Paseo del Manantial no. 186"
"IV-40","IV","40","Paseo del Roble no. 40"
"IV-41","IV","41","Paseo del Roble no. 41"
"IV-42","IV","42","Paseo del Roble no. 42"
"IV-43","IV","43","Paseo del Roble no. 43"
"IV-44","IV","44","Paseo del Roble no. 44"
"IV-45","IV","45","Paseo del Roble no. 45"
"IV-46","IV","46","Paseo del Roble no. 46"
"IV-47","IV","47","Paseo del Manantial no. 202"
"IV-48","IV","48","Paseo del Manantial no. 200"
"IV-49","IV","49","Paseo del Roble no. 49"
"IV-5","IV","5","Paseo del Manantial no. 188"
"IV-50","IV","50","Paseo del Roble no. 50"
"IV-51","IV","51","Paseo del Roble no. 51"
"IV-52","IV","52","Paseo del Roble no. 52"
"IV-53","IV","53","Paseo del Roble no. 53"
"IV-54","IV","54","Paseo del Roble no. 54"
"IV-55","IV","55","Paseo del Roble no. 55"
"IV-56","IV","56","Paseo del Roble no. 56"
"IV-57","IV","57","Paseo del Roble no. 57"
"IV-58","IV","58","Paseo del Roble no. 58"
"IV-59","IV","59","Paseo del Roble no. 59"
"IV-6","IV","6","Paseo del Manantial no. 190"
"IV-60","IV","60","Paseo del Roble no. 60"
"IV-7","IV","7","Paseo del Manantial no. 192"
"IV-8","IV","8","Paseo del Manantial no. 194"
"IV-9","IV","9","Paseo del Manantial no. 196"
"IX-1","IX","1","Paseo del Manantial no. 175"
"IX-10","IX","10","Paseo del Manantial no. 157"
"IX-11","IX","11","Paseo del Manantial no. 155"
"IX-12","IX","12","Paseo del Manantial no. 153"
"IX-13","IX","13","Paseo del Manantial no. 151"
"IX-14","IX","14","Paseo del Manantial no. 149"
"IX-15","IX","15","Paseo del Alamo no. 15"
"IX-16","IX","16","Paseo del Alamo no. 16"
"IX-17","IX","17","Paseo del Alamo no. 17"
"IX-18","IX","18","Paseo del Alamo no. 18"
"IX-19","IX","19","Paseo del Alamo no. 19"
"IX-2","IX","2","Paseo del Manantial no. 173"
"IX-20","IX","20","Paseo del Alamo no. 20"
"IX-21","IX","21","Paseo del Alamo no. 21"
"IX-22","IX","22","Paseo del Alamo no. 22"
"IX-23","IX","23","Paseo del Alamo no. 23"
"IX-24","IX","24","Paseo del Alamo no. 24"
"IX-25","IX","25","Paseo del Alamo no. 25"
"IX-26","IX","26","Paseo del Alamo no. 26"
"IX-27","IX","27","Paseo del Alamo no. 27"
"IX-28","IX","28","Paseo del Alamo no. 28"
"IX-29","IX","29","Paseo del Alamo no. 29"
"IX-3","IX","3","Paseo del Manantial no. 171"
"IX-30","IX","30","Paseo del Alamo no. 30"
"IX-31","IX","31","Paseo del Alamo no. 31"
"IX-32","IX","32","Paseo del Alamo no. 32"
"IX-33","IX","33","Paseo del Alamo no. 33"
"IX-34","IX","34","Paseo del Alamo no. 34"
"IX-35","IX","35","Paseo del Alamo no. 35"
"IX-36","IX","36","Paseo del Alamo no. 36"
"IX-37","IX","37","Paseo del Alamo no. 37"
"IX-38","IX","38","Paseo del Alamo no. 38"
"IX-39","IX","39","Paseo del Alamo no. 39"
"IX-4","IX","4","Paseo del Manantial no. 169"
"IX-40","IX","40","Paseo del Alamo no. 40"
"IX-41","IX","41","Paseo del Alamo no. 41"
"IX-42","IX","42","Paseo del Alamo no. 42"
"IX-43","IX","43","Paseo del Alamo no. 43"
"IX-44","IX","44","Paseo del Alamo no. 44"
"IX-45","IX","45","Paseo del Alamo no. 45"
"IX-46","IX","46","Paseo del Alamo no. 46"
"IX-47","IX","47","Paseo del Alamo no. 47"
"IX-48","IX","48","Paseo del Alamo no. 48"
"IX-49","IX","49","Paseo del Manantial no. 145"
"IX-5","IX","5","Paseo del Manantial no. 167"
"IX-50","IX","50","Paseo del Manantial no. 143"
"IX-51","IX","51","Paseo del Alamo no. 51"
"IX-52","IX","52","Paseo del Alamo no. 52"
"IX-53","IX","53","Paseo del Alamo no. 53"
"IX-54","IX","54","Paseo del Alamo no. 54"
"IX-55","IX","55","Paseo del Alamo no. 55"
"IX-56","IX","56","Paseo del Alamo no. 56"
"IX-57","IX","57","Paseo del Alamo no. 57"
"IX-58","IX","58","Paseo del Alamo no. 58"
"IX-59","IX","59","Paseo del Alamo no. 59"
"IX-6","IX","6","Paseo del Manantial no. 165"
"IX-7","IX","7","Paseo del Manantial no. 163"
"IX-8","IX","8","Paseo del Manantial no. 161"
"IX-9","IX","9","Paseo del Manantial no. 159"
"V-1","V","1","Paseo del Manantial no. 204"
"V-10","V","10","Paseo de los Pinos no. 10"
"V-11","V","11","Paseo de los Pinos no. 11"
"V-12","V","12","Paseo de los Pinos no. 12"
"V-13","V","13","Paseo de los Pinos no. 13"
"V-14","V","14","Paseo de los Pinos no. 14"
"V-15","V","15","Paseo de los Pinos no. 15"
"V-16","V","16","Paseo de los Pinos no. 16"
"V-17","V","17","Paseo de los Pinos no. 17"
"V-18","V","18","Paseo de los Pinos no. 18"
"V-19","V","19","Paseo de los Pinos no. 19"
"V-2","V","2","Paseo del Manantial no. 206"
"V-20","V","20","Paseo de los Pinos no. 20"
"V-21","V","21","Paseo de los Pinos no. 21"
"V-22","V","22","Paseo de los Pinos no. 22"
"V-23","V","23","Paseo de los Pinos no. 23"
"V-24","V","24","Paseo de los Pinos no. 24"
"V-25","V","25","Paseo de los Pinos no. 25"
"V-26","V","26","Paseo de los Pinos no. 26"
"V-27","V","27","Paseo de los Pinos no. 27"
"V-28","V","28","Paseo de los Pinos no. 28"
"V-29","V","29","Paseo de los Pinos no. 29"
"V-3","V","3","Paseo de los Pinos no. 3"
"V-30","V","30","Paseo de los Pinos no. 30"
"V-31","V","31","Paseo de los Pinos no. 31"
"V-32","V","32","Paseo de los Pinos no. 32"
"V-33","V","33","Paseo del Manantial no. 214"
"V-34","V","34","Paseo del Manantial no. 212"
"V-35","V","35","Paseo del Manantial no. 210"
"V-36","V","36","Paseo del Manantial no. 208"
"V-37","V","37","Paseo de los Pinos no. 37"
"V-38","V","38","Paseo de los Pinos no. 38"
"V-39","V","39","Paseo de los Pinos no. 39"
"V-4","V","4","Paseo de los Pinos no. 4"
"V-40","V","40","Paseo de los Pinos no. 40"
"V-41","V","41","Paseo de los Pinos no. 41"
"V-42","V","42","Paseo de los Pinos no. 42"
"V-43","V","43","Paseo de los Pinos no. 43"
"V-44","V","44","Paseo de los Pinos no. 44"
"V-45","V","45","Paseo de los Pinos no. 45"
"V-46","V","46","Paseo de los Pinos no. 46"
"V-47","V","47","Paseo de los Pinos no. 47"
"V-48","V","48","#N/A"
"V-49","V","49","Paseo de los Pinos no. 49"
"V-5","V","5","Paseo de los Pinos no. 5"
"V-50","V","50","Paseo de los Pinos no. 50"
"V-51","V","51","Paseo de los Pinos no. 51"
"V-52","V","52","Paseo de los Pinos no. 52"
"V-53","V","53","Paseo de los Pinos no. 53"
"V-54","V","54","Paseo de los Pinos no. 54"
"V-55","V","55","Paseo de los Pinos no. 55"
"V-56","V","56","Paseo de los Pinos no. 56"
"V-57","V","57","Paseo de los Pinos no. 57"
"V-58","V","58","Paseo de los Pinos no. 58"
"V-59","V","59","Paseo del Manantial no. 222"
"V-6","V","6","Paseo de los Pinos no. 6"
"V-60","V","60","Paseo del Manantial no. 220"
"V-61","V","61","Paseo del Manantial no. 218"
"V-62","V","62","Paseo de los Pinos no. 62"
"V-63","V","63","Paseo de los Pinos no. 63"
"V-64","V","64","Paseo de los Pinos no. 64"
"V-65","V","65","Paseo de los Pinos no. 65"
"V-66","V","66","Paseo de los Pinos no. 66"
"V-67","V","67","Paseo de los Pinos no. 67"
"V-68","V","68","Paseo de los Pinos no. 68"
"V-69","V","69","Paseo de los Pinos no. 69"
"V-70","V","70","Paseo de los Pinos no. 70"
"V-71","V","71","Paseo de los Pinos no. 71"
"V-72","V","72","Paseo de los Pinos no. 72"
"V-73","V","73","Paseo de los Pinos no. 73"
"V-74","V","74","Paseo de los Pinos no. 74"
"V-75","V","75","Paseo de los Pinos no. 75"
"V-76","V","76","Paseo de los Pinos no. 76"
"V-77","V","77","Paseo de los Pinos no. 77"
"V-78","V","78","Paseo de los Pinos no. 78"
"V-79","V","79","Paseo de los Pinos no. 79"
"V-8","V","8","Paseo de los Pinos no. 8"
"V-80","V","80","Paseo de los Pinos no. 80"
"V-81","V","81","Paseo de los Pinos no. 81"
"V-82","V","82","Paseo de los Pinos no. 82"
"V-83","V","83","Paseo de los Pinos no. 83"
"V-84","V","84","Paseo de los Pinos no. 84"
"V-85","V","85","Paseo de los Pinos no. 85"
"V-86","V","86","Paseo de los Pinos no. 86"
"V-87","V","87","Paseo de los Pinos no. 87"
"V-9","V","9","Paseo de los Pinos no. 9"
"VI-1","VI","1","Paseo del Manantial no. 249"
"VI-10","VI","10","Paseo del Manantial no. 229"
"VI-11","VI","11","Paseo del Manantial no. 227"
"VI-12","VI","12","Paseo del Manantial no. 228"
"VI-13","VI","13","Paseo del Manantial no. 230"
"VI-14","VI","14","Paseo del Manantial no. 232"
"VI-15","VI","15","Paseo del Manantial no. 234"
"VI-16","VI","16","Paseo de los Olmos no. 16"
"VI-17","VI","17","Paseo de los Olmos no. 17"
"VI-18","VI","18","Paseo de los Olmos no. 18"
"VI-19","VI","19","Paseo de los Olmos no. 19"
"VI-1A","VI","1A","Paseo del Manantial no. 247"
"VI-2","VI","2","Paseo del Manantial no. 245"
"VI-20","VI","20","Paseo de los Olmos no. 20"
"VI-21","VI","21","Paseo de los Olmos no. 21"
"VI-22","VI","22","Paseo de los Olmos no. 22"
"VI-23","VI","23","Paseo de los Olmos no. 23"
"VI-24","VI","24","Paseo de los Olmos no. 24"
"VI-25","VI","25","Paseo de los Olmos no. 25"
"VI-26","VI","26","Paseo de los Olmos no. 26"
"VI-26A ","VI","26A ","#N/A"
"VI-27","VI","27","Paseo de los Olmos no. 27"
"VI-28","VI","28","Paseo de los Olmos no. 28"
"VI-29","VI","29","Paseo de los Olmos no. 29"
"VI-3","VI","3","Paseo del Manantial no. 243"
"VI-30","VI","30","Paseo de los Olmos no. 30"
"VI-31","VI","31","Paseo de los Olmos no. 31"
"VI-32","VI","32","Paseo de los Olmos no. 32"
"VI-33","VI","33","Paseo de los Olmos no. 33"
"VI-34","VI","34","Paseo de los Olmos no. 34"
"VI-35","VI","35","Paseo de los Olmos no. 35"
"VI-36","VI","36","Paseo de los Olmos no. 36"
"VI-37","VI","37","Paseo de los Olmos no. 37"
"VI-38","VI","38","Paseo de los Olmos no. 38"
"VI-39","VI","39","Paseo de los Olmos no. 39"
"VI-4","VI","4","Paseo del Manantial no. 241"
"VI-40","VI","40","Paseo de los Olmos no. 40"
"VI-41","VI","41","Paseo de los Olmos no. 41"
"VI-42","VI","42","Paseo de los Olmos no. 42"
"VI-43","VI","43","Paseo de los Olmos no. 43"
"VI-44","VI","44","Paseo de los Olmos no. 44"
"VI-45","VI","45","Paseo de los Olmos no. 45"
"VI-46","VI","46","Paseo de los Olmos no. 46"
"VI-47","VI","47","Paseo de los Olmos no. 47"
"VI-48","VI","48","Paseo de los Olmos no. 48"
"VI-49","VI","49","Paseo de los Olmos no. 49"
"VI-5","VI","5","Paseo del Manantial no. 239"
"VI-50","VI","50","Paseo de los Olmos no. 50"
"VI-51","VI","51","Paseo de los Olmos no. 51"
"VI-52","VI","52","Paseo de los Olmos no. 52"
"VI-53","VI","53","Paseo del Manantial no. 258"
"VI-54","VI","54","Paseo del Manantial no. 256"
"VI-55","VI","55","Paseo del Manantial no. 254"
"VI-56","VI","56","Paseo del Manantial no. 252"
"VI-57","VI","57","Paseo del Manantial no. 250"
"VI-58","VI","58","Paseo del Manantial no. 248"
"VI-59","VI","59","Paseo del Manantial no. 246"
"VI-6","VI","6","Paseo del Manantial no. 237"
"VI-60","VI","60","Paseo del Manantial no. 244"
"VI-61","VI","61","Paseo del Manantial no. 242"
"VI-62","VI","62","Paseo del Manantial no. 240"
"VI-63","VI","63","Paseo del Manantial no. 238"
"VI-64","VI","64","Paseo de los Olmos no. 64"
"VI-65","VI","65","Paseo de los Olmos no. 65"
"VI-66","VI","66","Paseo de los Olmos no. 66"
"VI-67","VI","67","Paseo de los Olmos no. 67"
"VI-68","VI","68","Paseo de los Olmos no. 68"
"VI-69","VI","69","Paseo de los Olmos no. 69"
"VI-7","VI","7","Paseo del Manantial no. 235"
"VI-70","VI","70","Paseo de los Olmos no. 70"
"VI-71","VI","71","Paseo de los Olmos no. 71"
"VI-72","VI","72","Paseo de los Olmos no. 72"
"VI-8","VI","8","Paseo del Manantial no. 233"
"VI-9","VI","9","Paseo del Manantial no. 231"
"VII-1","VII","1","Paseo del Manantial no. 260"
"VII-10","VII","10","Paseo de los Sauces no. 10"
"VII-11","VII","11","Paseo de los Sauces no. 11"
"VII-12","VII","12","Paseo de los Sauces no. 12"
"VII-13","VII","13","Paseo de los Sauces no. 13"
"VII-14","VII","14","Paseo de los Sauces no. 14"
"VII-15","VII","15","Paseo de los Sauces no. 15"
"VII-16","VII","16","Paseo de los Sauces no. 16"
"VII-17","VII","17","Paseo de los Sauces no. 17"
"VII-18","VII","18","Paseo de los Sauces no. 18"
"VII-19","VII","19","Paseo de los Sauces no. 19"
"VII-2","VII","2","Paseo del Manantial no. 262"
"VII-20","VII","20","Paseo de los Sauces no. 20"
"VII-21","VII","21","Paseo de los Sauces no. 21"
"VII-22","VII","22","Paseo de los Sauces no. 22"
"VII-23","VII","23","Paseo de los Sauces no. 23"
"VII-24","VII","24","Paseo de los Sauces no. 24"
"VII-25","VII","25","Paseo de los Sauces no. 25"
"VII-26","VII","26","Paseo de los Sauces no. 26"
"VII-27","VII","27","Paseo de los Sauces no. 27"
"VII-28","VII","28","Paseo de los Sauces no. 28"
"VII-29","VII","29","Paseo de los Sauces no. 29"
"VII-3","VII","3","Paseo de los Sauces no. 3"
"VII-30","VII","30","Paseo de los Sauces no. 30"
"VII-31","VII","31","Paseo de los Sauces no. 31"
"VII-32","VII","32","Paseo de los Sauces no. 32"
"VII-33","VII","33","Paseo de los Sauces no. 33"
"VII-34","VII","34","Paseo del Manantial no. 274"
"VII-35","VII","35","Paseo del Manantial no. 276"
"VII-36","VII","36","Paseo del Manantial no. 272"
"VII-37","VII","37","Paseo del Manantial no. 270"
"VII-38","VII","38","Paseo del Manantial no. 268"
"VII-39","VII","39","Paseo del Manantial no. 266"
"VII-4","VII","4","Paseo de los Sauces no. 4"
"VII-40","VII","40","Paseo de los Sauces no. 40"
"VII-41","VII","41","Paseo de los Sauces no. 41"
"VII-42","VII","42","Paseo de los Sauces no. 42"
"VII-43","VII","43","Paseo de los Sauces no. 43"
"VII-44","VII","44","Paseo de los Sauces no. 44"
"VII-45","VII","45","Paseo de los Sauces no. 45"
"VII-46","VII","46","Paseo de los Sauces no. 46"
"VII-47","VII","47","Paseo de los Sauces no. 47"
"VII-48","VII","48","Paseo de los Sauces no. 48"
"VII-49","VII","49","Paseo de los Sauces no. 49"
"VII-5","VII","5","Paseo de los Sauces no. 5"
"VII-50","VII","50","Paseo de los Sauces no. 50"
"VII-51","VII","51","Paseo de los Sauces no. 51"
"VII-52","VII","52","Paseo de los Sauces no. 52"
"VII-53","VII","53","Paseo de los Sauces no. 53"
"VII-6","VII","6","Paseo de los Sauces no. 6"
"VII-7","VII","7","Paseo de los Sauces no. 7"
"VII-8","VII","8","Paseo de los Sauces no. 8"
"VII-9","VII","9","Paseo de los Sauces no. 9"
"VIII-1","VIII","1","Paseo del Manantial no. 201"
"VIII-10","VIII","10","Paseo del Manantial no. 183"
"VIII-11","VIII","11","Paseo de los Abedules no. 11"
"VIII-12","VIII","12","Paseo de los Abedules no. 12"
"VIII-13","VIII","13","Paseo de los Abedules no. 13"
"VIII-14","VIII","14","Paseo de los Abedules no. 14"
"VIII-15","VIII","15","Paseo de los Abedules no. 15"
"VIII-16","VIII","16","Paseo de los Abedules no. 16"
"VIII-17","VIII","17","Paseo de los Abedules no. 17"
"VIII-18","VIII","18","Paseo de los Abedules no. 18"
"VIII-19","VIII","19","Paseo de los Abedules no. 19"
"VIII-2","VIII","2","Paseo del Manantial no. 199"
"VIII-20","VIII","20","Paseo de los Abedules no. 20"
"VIII-21","VIII","21","Paseo de los Abedules no. 21"
"VIII-22","VIII","22","Paseo de los Abedules no. 22"
"VIII-23","VIII","23","Paseo de los Abedules no. 23"
"VIII-24","VIII","24","Paseo de los Abedules no. 24"
"VIII-25","VIII","25","Paseo de los Abedules no. 25"
"VIII-26","VIII","26","Paseo de los Abedules no. 26"
"VIII-27","VIII","27","Paseo de los Abedules no. 27"
"VIII-28","VIII","28","Paseo de los Abedules no. 28"
"VIII-29","VIII","29","Paseo de los Abedules no. 29"
"VIII-3","VIII","3","Paseo del Manantial no. 197"
"VIII-30","VIII","30","Paseo de los Abedules no. 30"
"VIII-31","VIII","31","Paseo de los Abedules no. 31"
"VIII-32","VIII","32","Paseo de los Abedules no. 32"
"VIII-33","VIII","33","Paseo de los Abedules no. 33"
"VIII-34","VIII","34","Paseo de los Abedules no. 34"
"VIII-35","VIII","35","Paseo de los Abedules no. 35"
"VIII-36","VIII","36","Paseo de los Abedules no. 36"
"VIII-37","VIII","37","Paseo de los Abedules no. 37"
"VIII-38","VIII","38","Paseo de los Abedules no. 38"
"VIII-39","VIII","39","Paseo de los Abedules no. 39"
"VIII-4","VIII","4","Paseo del Manantial no. 195"
"VIII-40","VIII","40","Paseo de los Abedules no. 40"
"VIII-41","VIII","41","Paseo de los Abedules no. 41"
"VIII-42","VIII","42","Paseo del Manantial no. 179"
"VIII-43","VIII","43","Paseo del Manantial no. 177"
"VIII-44","VIII","44","Paseo de los Abedules no. 44"
"VIII-45","VIII","45","Paseo de los Abedules no. 45"
"VIII-46","VIII","46","Paseo de los Abedules no. 46"
"VIII-47","VIII","47","Paseo de los Abedules no. 47"
"VIII-48","VIII","48","Paseo de los Abedules no. 48"
"VIII-49","VIII","49","Paseo de los Abedules no. 49"
"VIII-5","VIII","5","Paseo del Manantial no. 193"
"VIII-50","VIII","50","Paseo de los Abedules no. 50"
"VIII-6","VIII","6","Paseo del Manantial no. 191"
"VIII-7","VIII","7","Paseo del Manantial no. 189"
"VIII-8","VIII","8","Paseo del Manantial no. 187"
"VIII-9","VIII","9","Paseo del Manantial no. 185"
"X-1","X","1","Paseo del Manantial no. 141"
"X-10","X","10","Paseo del Manantial no. 123"
"X-11","X","11","Paseo del Manantial no. 121"
"X-12","X","12","Paseo del Manantial no. 119"
"X-2","X","2","Paseo del Manantial no. 139"
"X-3","X","3","Paseo del Manantial no. 137"
"X-4","X","4","Paseo del Manantial no. 135"
"X-5","X","5","Paseo del Manantial no. 133"
"X-6","X","6","Paseo del Manantial no. 131"
"X-7","X","7","Paseo del Manantial no. 129"
"X-8","X","8","Paseo del Manantial no. 127"
"X-9","X","9","Paseo del Manantial no. 125"
"XI-1","XI","1","Paseo de los Cedros no. 1"
"XI-10","XI","10","Paseo de los Cedros no. 10"
"XI-11","XI","11","Paseo de los Cedros no. 11"
"XI-12","XI","12","Paseo de los Cedros no. 12"
"XI-13","XI","13","Paseo de los Cedros no. 13"
"XI-14","XI","14","Paseo de los Cedros no. 14"
"XI-15","XI","15","Paseo de los Cedros no. 15"
"XI-16","XI","16","Paseo de los Cedros no. 16"
"XI-17","XI","17","Paseo de los Cedros no. 17"
"XI-18","XI","18","Paseo de los Cedros no. 18"
"XI-19","XI","19","Paseo de los Cedros no. 19"
"XI-2","XI","2","Paseo de los Cedros no. 2"
"XI-20","XI","20","Paseo de los Cedros no. 20"
"XI-21","XI","21","Paseo de los Cedros no. 21"
"XI-22","XI","22","Paseo de los Cedros no. 22"
"XI-23","XI","23","Paseo de los Cedros no. 23"
"XI-24","XI","24","Paseo de los Cedros no. 24"
"XI-25","XI","25","Paseo de los Cedros no. 25"
"XI-26","XI","26","Paseo de los Cedros no. 26"
"XI-27","XI","27","Paseo de los Cedros no. 27"
"XI-28","XI","28","Paseo de los Cedros no. 28"
"XI-29","XI","29","Paseo de los Cedros no. 29"
"XI-3","XI","3","Paseo de los Cedros no. 3"
"XI-30","XI","30","Paseo de los Cedros no. 30"
"XI-31","XI","31","Paseo de los Cedros no. 31"
"XI-32","XI","32","Paseo del Manantial no. 226"
"XI-4","XI","4","Paseo de los Cedros no. 4"
"XI-5","XI","5","Paseo de los Cedros no. 5"
"XI-6","XI","6","Paseo de los Cedros no. 6"
"XI-7","XI","7","Paseo de los Cedros no. 7"
"XI-8","XI","8","Paseo de los Cedros no. 8"
"XI-9","XI","9","Paseo de los Cedros no. 9"
"ADM-1","ADM","1","Administraci√≥n"
"ADM-2","ADM","2","Tratamiento de agua"
"ADM-3","ADM","3","Otros"
